<?xml version="1.0" encoding="UTF-8" standalone="yes"?>
<addon id="repository.deanosim" name="repository.deanosim" version="0.2" provider-name="Deanosim">
    <extension point="xbmc.addon.repository" name="Deanosim's Repository">
        <!-- repository.deanosim -->
        <dir>
            <info compressed="false">https://raw.githubusercontent.com/Deanosim/repository.deanosim/master/repo/zips/addons.xml</info>
            <checksum>https://raw.githubusercontent.com/Deanosim/repository.deanosim/master/repo/zips/addons.xml.md5</checksum>
            <datadir zip="true">https://raw.githubusercontent.com/Deanosim/repository.deanosim/master/repo/zips/</datadir>
        </dir>
        
        <!-- repository.addons4kodi-->
        <dir minversion="18.0">
        <info compressed="false">https://raw.githubusercontent.com/a4k-openproject/repository.addons4kodi/master/zips/addons.xml</info>
        <checksum>https://raw.githubusercontent.com/a4k-openproject/repository.addons4kodi/master/zips/addons.xml.md5</checksum>
        <datadir zip="true">https://raw.githubusercontent.com/a4k-openproject/repository.addons4kodi/master/zips/</datadir>
        </dir>
        <dir minversion="18.0" maxversion="18.9.9">
        <info compressed="false">https://raw.githubusercontent.com/a4k-openproject/repository.openscrapers/master/zips/addons.xml</info>
        <checksum>https://raw.githubusercontent.com/a4k-openproject/repository.openscrapers/master/zips/addons.xml.md5</checksum>
        <datadir zip="true">https://raw.githubusercontent.com/a4k-openproject/repository.openscrapers/master/zips/</datadir>
        </dir>
        <dir minversion="18.0" maxversion="18.9.9">
        <info compressed="false">https://raw.githubusercontent.com/a4k-openproject/repository.openwizard/master/leia/zips/addons.xml</info>
        <checksum>https://raw.githubusercontent.com/a4k-openproject/repository.openwizard/master/leia/zips/addons.xml.md5</checksum>
        <datadir zip="true">https://raw.githubusercontent.com/a4k-openproject/repository.openwizard/master/leia/zips/</datadir>
        </dir>
        <dir minversion="19.0">
        <info compressed="false">https://raw.githubusercontent.com/a4k-openproject/repository.openwizard/master/matrix/zips/addons.xml</info>
        <checksum>https://raw.githubusercontent.com/a4k-openproject/repository.openwizard/master/matrix/zips/addons.xml.md5</checksum>
        <datadir zip="true">https://raw.githubusercontent.com/a4k-openproject/repository.openwizard/master/matrix/zips/</datadir>
        </dir>
        <dir minversion="18.0">
        <info>https://raw.githubusercontent.com/newt-sc/a4kStreaming/master/packages/addons.xml</info>
        <checksum>https://raw.githubusercontent.com/newt-sc/a4kStreaming/master/packages/addons.xml.crc</checksum>
        <datadir>https://github.com/newt-sc/a4kStreaming/archive</datadir>
        <artdir>https://github.com/newt-sc/a4kStreaming/releases/download/v0.1.0</artdir>
        </dir>
        <dir minversion="18.0">
        <info>https://raw.githubusercontent.com/newt-sc/a4kSubtitles/master/packages/addons.xml</info>
        <checksum>https://raw.githubusercontent.com/newt-sc/a4kSubtitles/master/packages/addons.xml.crc</checksum>
        <datadir>https://github.com/newt-sc/a4kSubtitles/archive</datadir>
        <artdir>https://github.com/a4k-openproject/a4kSubtitles/releases/download/v0.0.13</artdir>
        </dir>

        <!-- repository.a4kOfficial -->
        <dir>
            <info compressed="false">https://raw.githubusercontent.com/a4k-openproject/repository.a4kOfficial/master/repo/zips/addons.xml</info>
            <checksum>https://raw.githubusercontent.com/a4k-openproject/repository.a4kOfficial/master/repo/zips/addons.xml.md5</checksum>
            <datadir zip="true">https://raw.githubusercontent.com/a4k-openproject/repository.a4kOfficial/master/repo/zips/</datadir>
        </dir>

        <!-- repository.slyguy -->
        <dir>
            <info compressed="false">https://slyguy.uk/.repo/addons.xml</info>
            <checksum>https://slyguy.uk/.repo/addons.xml.md5</checksum>
            <datadir zip="true">https://slyguy.uk/.repo/</datadir>
        </dir>

        <!-- repository.castagnait -->
        <dir minversion="18.0.0">
            <info compressed="false">https://github.com/CastagnaIT/repository.castagnait/raw/kodi/kodi18/addons.xml</info>
            <checksum>https://github.com/CastagnaIT/repository.castagnait/raw/kodi/kodi18/addons.xml.md5</checksum>
            <datadir zip="true">https://github.com/CastagnaIT/repository.castagnait/raw/kodi/kodi18</datadir>
            <hashes>false</hashes>
        </dir>
        <dir minversion="19.0.0">
            <info compressed="false">https://github.com/CastagnaIT/repository.castagnait/raw/kodi/kodi19/addons.xml</info>
            <checksum>https://github.com/CastagnaIT/repository.castagnait/raw/kodi/kodi19/addons.xml.md5</checksum>
            <datadir zip="true">https://github.com/CastagnaIT/repository.castagnait/raw/kodi/kodi19</datadir>
            <hashes>false</hashes>
        </dir>

        <!-- repository.sandmann79.plugins -->
        <dir>
            <info compressed="false">https://raw.githubusercontent.com/Sandmann79/xbmc/master/packages/addons.xml</info>
            <checksum>https://raw.githubusercontent.com/Sandmann79/xbmc/master/packages/addons.xml.md5</checksum>
            <datadir zip="true">https://raw.githubusercontent.com/Sandmann79/xbmc/master/packages/</datadir>
        </dir>
        <dir minversion="18.9.0">
            <info compressed="false">https://raw.githubusercontent.com/Sandmann79/xbmc/master/packages-py3/addons.xml</info>
            <checksum>https://raw.githubusercontent.com/Sandmann79/xbmc/master/packages-py3/addons.xml.md5</checksum>
            <datadir zip="true">https://raw.githubusercontent.com/Sandmann79/xbmc/master/packages-py3/</datadir>
        </dir>

        
    </extension>
    <extension point="xbmc.addon.metadata">
        <summary>Deanosim's Repository</summary>
        <description>Easy Repo link to all the addons Deanosim uses.</description>
        <disclaimer></disclaimer>
        <platform>all</platform>
        <assets>
            <icon>icon.png</icon>
            <fanart>fanart.jpg</fanart>
        </assets>
    </extension>
</addon>
