<?xml version="1.0" encoding="UTF-8" standalone="yes"?>
<addon id="repository.deanosim" name="repository.deanosim" version="0.1" provider-name="Deanosim">
    <extension point="xbmc.addon.repository" name="Example Repository">
        <dir>
            <info compressed="false">https://raw.githubusercontent.com/Deanosim/repository.deanosim/master/repo/zips/addons.xml</info>
            <checksum>https://raw.githubusercontent.com/Deanosim/repository.deanosim/master/repo/zips/addons.xml.md5</checksum>
            <datadir zip="true">https://raw.githubusercontent.com/Deanosim/repository.deanosim/master/repo/zips/</datadir>
        </dir>
    </extension>
    <extension point="xbmc.addon.metadata">
        <summary>Deanosim's Repository</summary>
        <description>Easy Repo link to all the addons Deanosim uses.</description>
        <disclaimer></disclaimer>
        <platform>all</platform>
        <assets>
            <icon>icon.png</icon>
            <fanart>fanart.jpg</fanart>
        </assets>
    </extension>
</addon>