<addon id="repository.plexkodiconnectbeta" name="PlexKodiConnect Beta Addons for Kodi 20 Nexus" version="3.0.0" provider-name="Croneter">
<requires>
<import addon="xbmc.addon" version="12.0.0"/>
<import addon="xbmc.python" version="3.0.0"/>
</requires>
<extension point="xbmc.addon.repository" name="PlexKodiConnect Repository BETA Kodi 20 Nexus">
<dir>
<info compressed="false">https://raw.githubusercontent.com/croneter/binary_repo/master/beta_py3/addons.xml</info>
<checksum>https://raw.githubusercontent.com/croneter/binary_repo/master/beta_py3/addons.xml.md5</checksum>
<datadir zip="true">https://raw.githubusercontent.com/croneter/binary_repo/master/beta_py3/</datadir>
</dir>
</extension>
<extension point="xbmc.addon.metadata">
<summary>PlexKodiConnect add-on repository for potentially unstable beta versions. Kodi 20 and later only.</summary>
<description>Please use the stable PlexKodiConnect repository for a more stable experience with Plex on Kodi.</description>
<disclaimer/>
<platform>all</platform>
</extension>
</addon>